AUC,nan
FPR,nan,nan,nan
TPR,0.0,0.022727272727272728,1.0
Threshold,inf,0.914754331111908,0.8447167873382568
