AUC,nan
FPR,0.0,0.022727272727272728,1.0
TPR,nan,nan,nan
Threshold,inf,0.15528316795825958,0.08524565398693085
