AUC,nan
FPR,nan,nan,nan
TPR,0.0,0.022727272727272728,1.0
Threshold,inf,0.9147543907165527,0.8447167873382568
