AUC,nan
FPR,nan,nan,nan
TPR,0.0,0.022727272727272728,1.0
Threshold,inf,1.254644513130188,0.9404528141021729
