AUC,nan
FPR,0.0,0.022727272727272728,1.0
TPR,nan,nan,nan
Threshold,inf,-0.753298282623291,-1.1187537908554077
