AUC,nan
FPR,0.0,0.022727272727272728,1.0
TPR,nan,nan,nan
Threshold,inf,-0.7532983422279358,-1.1187539100646973
